id,sequence,AMP_prob,Tox_prob,Sol_prob,Stability_s,AMP,Toxicity,Solubility,Stability,ALL,All above 0.95
pos1343,GILELAKTVCCSATGISICC,0.999,0.0023379999999999,0.9626124501228333,6.3950000000000005,1,0,1,1,0,0
pos1349,GIHELAKSVCCTATGISICC,0.999,0.152895,0.9923855066299438,19.235,1,0,1,1,0,0
pos132,CCMALCSRYHCLPCC,0.0,0.001958,0.9925825595855712,75.98666666666666,0,0,1,0,0,0
pos4537,ECCEWEWCDGACDCCN,0.0,0.0022229999999999,0.6458106637001038,64.28125,0,0,1,0,0,0
pos446,ECCELEWCDGACDCCD,0.0,0.002198,0.7033853530883789,85.7125,0,0,1,0,0,0
pos1219,VIGGDECNINEHPFLVLVYY,0.001,0.0117429999999999,0.1839533150196075,66.42999999999999,0,0,0,0,0,0
pos5666,WWRWGGCMLWFGRCTKDSECCSNSCDRTYCELARFPSDW,1.0,0.0021879999999999,0.0258222706615924,90.11025641025638,1,0,0,0,0,0
pos257,KAICCDVFPGTDCCM,0.0,0.002282,0.3548771440982818,51.08666666666666,0,0,0,0,0,0
pos1953,FNPCPYSDDTVKMIILTRENKKHDF,0.001,0.0056599999999999,0.0883284583687782,33.172,0,0,0,1,0,0
pos2031,CVDPGEFCGPGFGDCCTGFCLLVCI,0.002,0.0026969999999999,0.9324267506599426,14.904000000000003,0,0,1,1,0,0
pos5315,TCSSPSNCPTGQECCPDKVDEPEGFCADECIIT,0.0,0.0027129999999999,0.9635213017463684,71.92424242424242,0,0,1,0,0,0
pos80,QCCSNPPCAHEHCR,0.0,0.00197,0.3741777837276459,-1.235714285714285,0,0,0,1,0,0
pos1280,QWGRRCCGWGPGRRYCRRWC,0.998,0.0022379999999999,0.9462498426437378,116.09,1,0,1,0,0,0
pos2012,GLWSKIKDAAKTAGKAALGFVNEMV,1.0,0.056521,0.996535062789917,8.883999999999999,1,1,1,1,1,0
pos5492,KGICCGVSFCYPC,0.009,0.0025539999999999,0.2836370766162872,-0.1384615384615389,0,0,0,1,0,0
pos4817,FIHHIIGWISHGVRAIHRAIHG,1.0,0.0063189999999999,0.017142591997981,42.52727272727272,1,0,0,0,0,0
pos1987,GLFKVLGSVAKHLLPHVAPVIAEKL,1.0,0.164042,0.5185214877128601,19.908,1,0,1,1,0,0
TOTAL,,,,,,,,,,1,0
